to,tp
370.0,262.57233
590.0,269.7788
320.0,471.27145
310.0,212.933
260.0,312.52005
190.0,224.88419
150.0,176.31984
130.0,149.1563
290.0,127.51512
490.0,260.1299
840.0000000000001,381.66718
700.0,618.77356
429.99999999999994,446.76578
300.0,347.519
310.0,295.88843
290.0,289.20532
300.0,246.00995
240.0,261.10226
160.0,204.86131
90.0,153.76477
70.0,100.99556
80.0,83.92644
80.0,82.95735
80.0,76.61077
570.0,78.63715
610.0,487.86197
330.0,389.88342
350.0,251.47107
260.0,345.66092
270.0,217.01904
210.00000000000003,251.01901
100.0,181.06104
100.0,103.91063
90.0,117.39625
100.0,86.680305
109.99999999999999,97.56578
100.0,101.825325
80.0,92.96285
90.0,80.11558
90.0,91.27706
80.0,84.93154
90.0,78.366455
90.0,89.2534
250.0,84.93154
390.0,223.69884
190.0,302.59
100.0,133.49136
280.0,132.18521
560.0,266.62112
600.0,433.90466
290.0,422.57928
90.0,220.73157
370.0,140.79898
670.0,363.31064
230.0,492.71713
160.0,120.3784
90.0,225.16977
70.0,98.99705
70.0,83.92644
70.0,74.36361
70.0,70.310135
70.0,70.310135
70.0,70.310135
70.0,70.310135
70.0,70.310135
80.0,70.310135
60.0,78.90492
50.0,59.421574
60.0,57.435757
40.0,64.26692
70.0,42.751266
70.0,75.15395
60.0,64.225
80.0,61.713894
70.0,81.19773
80.0,65.98951
70.0,80.931625
70.0,68.01693
70.0,72.33727
70.0,70.310135
70.0,70.310135
70.0,70.310135
60.0,70.310135
70.0,61.713894
80.0,72.602196
109.99999999999999,76.87734
70.0,102.3782
50.0,63.156563
50.0,61.22553
40.0,57.697403
20.0,45.040134
40.0,30.131512
30.0,49.87281
70.0,32.640804
50.0,73.38221
60.0,45.002575
50.0,66.29563
50.0,51.349777
60.0,55.66841
40.0,62.237675
60.0,42.751266
50.0,66.55597
60.0,49.320618
50.0,64.26692
60.0,51.349777
50.0,64.26692
40.0,51.349777
50.0,47.06958
40.0,55.927586
50.0,43.01063
50.0,55.927586
60.0,51.609463
50.0,62.237675
60.0,51.349777
40.0,64.26692
20.0,42.751266
40.0,32.161453
40.0,49.87281
50.0,41.238895
50.0,53.89765
60.0,51.609463
50.0,62.237675
60.0,51.349777
50.0,64.26692
50.0,51.349777
50.0,55.66841
50.0,53.639053
50.0,53.639053
60.0,53.639053
50.0,62.237675
60.0,51.349777
60.0,64.26692
50.0,59.947933
50.0,53.378765
50.0,55.66841
50.0,53.639053
50.0,53.639053
60.0,53.639053
60.0,62.237675
80.0,59.947933
50.0,79.16984
50.0,48.79735
60.0,59.725925
60.0,62.237675
60.0,59.947933
60.0,61.976837
70.0,61.976837
200.0,70.57403
160.0,179.72282
50.0,117.403
160.0,58.737072
60.0,170.25308
60.0,37.018047
50.0,82.221436
40.0,53.378765
60.0,47.06958
60.0,64.52647
60.0,57.918667
70.0,61.976837
90.0,70.57403
80.0,85.47044
80.0,74.31535
90.0,80.66261
100.0,87.22855
100.0,93.519196
100.0,93.24287
90.0,95.26518
100.0,86.680305
90.0,97.56578
100.0,84.65723
90.0,97.56578
109.99999999999999,84.65723
90.0,106.14894
100.0,82.35691
90.0,99.58697
70.0,84.65723
60.0,71.79964
60.0,65.76842
80.0,64.00528
80.0,79.16984
120.0,74.58359
120.0,112.98559
109.99999999999999,103.76995
140.0,103.27424
109.99999999999999,131.29047
109.99999999999999,96.63851
109.99999999999999,109.61189
120.0,103.56263
100.0,112.13804
80.0,92.6791
100.0,82.13726
270.0,99.86454
250.0,236.29912
109.99999999999999,183.15573
130.0,103.092674
429.99999999999994,148.70537
300.0,368.69864
270.0,191.7042
240.0,256.24213
219.99999999999997,214.02092
360.0,198.59164
429.99999999999994,314.54462
450.0,332.88156
439.99999999999994,356.66403
410.00000000000006,355.9559
100.0,338.31863
120.0,90.35107
109.99999999999999,173.67436
120.0,99.23705
120.0,114.15508
100.0,109.829926
170.0,94.698006
100.0,159.26839
90.0,79.11736
90.0,100.802414
90.0,88.9795
120.0,86.956085
120.0,112.70742
109.99999999999999,105.79144
109.99999999999999,103.27424
100.0,105.58079
100.0,94.9835
70.0,97.28615
80.0,69.50306
80.0,84.98196
80.0,76.61077
80.0,78.63715
90.0,78.63715
80.0,87.22855
70.0,76.34134
60.0,72.06978
40.0,63.741467
40.0,46.809265
30.0,49.35821
50.0,36.699802
60.0,56.185085
60.0,58.178024
50.0,59.947933
50.0,53.378765
50.0,55.66841
60.0,53.639053
50.0,62.237675
60.0,51.349777
60.0,64.26692
60.0,59.947933
50.0,61.976837
50.0,53.378765
50.0,55.66841
50.0,53.639053
50.0,53.639053
20.0,53.639053
40.0,27.8434
30.0,51.903168
50.0,32.640804
60.0,56.185085
40.0,58.178024
50.0,42.751266
50.0,57.957222
50.0,51.609463
60.0,53.639053
60.0,62.237675
50.0,59.947933
50.0,53.378765
50.0,55.66841
50.0,53.639053
50.0,53.639053
60.0,53.639053
50.0,62.237675
70.0,51.349777
70.0,72.86462
40.0,66.25389
40.0,44.519066
230.0,51.38771
170.0,208.15407
60.0,112.86925
70.0,71.02914
90.0,92.82326
80.0,85.47044
80.0,74.31535
80.0,80.66261
80.0,78.63715
80.0,78.63715
70.0,78.63715
80.0,70.04372
340.0,80.931625
370.0,297.89716
80.0,261.82373
50.0,63.43934
50.0,111.03435
40.0,59.725925
50.0,45.040134
50.0,55.927586
50.0,51.609463
60.0,53.639053
50.0,62.237675
70.0,51.349777
50.0,72.86462
50.0,49.05985
60.0,57.697403
50.0,62.237675
50.0,51.349777
50.0,55.66841
50.0,53.639053
60.0,53.639053
50.0,62.237675
60.0,51.349777
50.0,64.26692
50.0,51.349777
50.0,55.66841
50.0,53.639053
60.0,53.639053
70.0,62.237675
80.0,68.545204
100.0,76.87734
90.0,93.791916
90.0,82.63309
70.0,88.9795
80.0,69.77472
70.0,82.95735
90.0,68.01693
80.0,89.52401
100.0,74.31535
90.0,97.841675
80.0,82.63309
80.0,80.39062
80.0,80.66261
70.0,78.63715
80.0,70.04372
90.0,80.931625
90.0,85.2026
80.0,84.93154
80.0,78.366455
70.0,80.66261
80.0,70.04372
60.0,80.931625
40.0,59.421574
50.0,48.837997
70.0,57.957222
90.0,68.80573
320.0,83.4422
330.0,278.7793
270.0,235.80739
260.0,228.31744
240.0,236.4833
210.00000000000003,210.62999
280.0,188.21156
170.0,250.36095
120.0,135.0671
100.0,132.22731
120.0,104.76861
120.0,116.461266
130.0,107.81147
130.0,120.414825
120.0,118.10216
120.0,111.550804
140.0,113.86164
150.0,128.97818
150.0,132.89944
150.0,134.59534
140.0,136.60097
130.0,128.05437
100.0,121.820465
80.0,96.42428
60.0,84.15773
30.0,65.50139
40.0,40.240334
40.0,51.646137
80.0,43.2687
70.0,79.6914
60.0,61.93326
70.0,63.741467
60.0,72.602196
70.0,59.685814
50.0,72.602196
80.0,51.088387
60.0,83.48909
60.0,55.365955
70.0,66.033134
50.0,70.57403
50.0,51.088387
50.0,57.697403
50.0,53.639053
40.0,53.639053
60.0,45.040134
60.0,64.52647
60.0,57.918667
60.0,61.976837
50.0,61.976837
40.0,53.378765
20.0,47.06958
30.0,30.131512
30.0,41.274307
50.0,34.92744
60.0,54.154617
60.0,58.178024
60.0,59.947933
60.0,61.976837
50.0,61.976837
50.0,53.378765
40.0,55.66841
50.0,45.040134
50.0,55.927586
50.0,51.609463
60.0,53.639053
50.0,62.237675
60.0,51.349777
40.0,64.26692
50.0,42.751266
50.0,57.957222
50.0,51.609463
50.0,53.639053
60.0,53.639053
70.0,62.237675
70.0,68.545204
30.0,68.282295
40.0,35.92149
50.0,53.675777
50.0,51.867508
60.0,51.609463
109.99999999999999,62.237675
70.0,102.91558
50.0,59.10567
60.0,61.22553
60.0,66.29563
60.0,59.947933
50.0,61.976837
50.0,53.378765
50.0,55.66841
50.0,53.639053
40.0,53.639053
70.0,45.040134
50.0,73.124596
60.0,47.031208
50.0,66.29563
50.0,51.349777
50.0,55.66841
30.0,53.639053
30.0,36.44141
20.0,41.01738
40.0,28.359575
60.0,47.84228
60.0,58.435463
50.0,57.918667
60.0,53.378765
50.0,64.26692
40.0,51.349777
60.0,47.06958
50.0,64.52647
50.0,49.320618
60.0,55.66841
60.0,62.237675
50.0,59.947933
50.0,53.378765
50.0,55.66841
50.0,53.639053
60.0,53.639053
40.0,62.237675
60.0,42.751266
60.0,66.55597
50.0,57.918667
60.0,53.378765
40.0,64.26692
30.0,42.751266
30.0,40.75946
20.0,38.987267
60.0,28.359575
50.0,65.039566
70.0,45.26223
60.0,72.86462
60.0,57.65733
50.0,64.00528
50.0,53.378765
40.0,55.66841
50.0,45.040134
50.0,55.927586
50.0,51.609463
60.0,53.639053
50.0,62.237675
60.0,51.349777
60.0,64.26692
60.0,59.947933
60.0,61.976837
80.0,61.976837
70.0,79.16984
90.0,65.98951
150.0,89.52401
460.0,134.37808
340.0,384.4197
310.0,220.84961
120.0,284.79193
140.0,111.27863
150.0,166.72006
120.0,132.89944
130.0,108.93494
130.0,126.449524
130.0,118.10216
130.0,120.115585
170.0,120.115585
210.00000000000003,154.32117
109.99999999999999,179.05261
100.0,92.478546
109.99999999999999,115.09425
90.0,105.86691
120.0,84.37957
130.0,116.74776
130.0,114.36231
120.0,118.10216
120.0,111.550804
60.0,113.86164
60.0,60.36506
50.0,74.13647
60.0,53.378765
60.0,64.26692
50.0,59.947933
60.0,53.378765
60.0,64.26692
60.0,59.947933
50.0,61.976837
40.0,53.378765
60.0,47.06958
50.0,64.52647
50.0,49.320618
40.0,55.66841
30.0,45.040134
40.0,38.72961
40.0,47.586014
40.0,43.2687
50.0,45.29859
60.0,53.89765
50.0,60.208008
50.0,51.349777
60.0,55.66841
60.0,62.237675
50.0,59.947933
60.0,53.378765
50.0,64.26692
50.0,51.349777
50.0,55.66841
50.0,53.639053
40.0,53.639053
60.0,45.040134
60.0,64.52647
60.0,57.918667
60.0,61.976837
50.0,61.976837
50.0,53.378765
50.0,55.66841
20.0,53.639053
30.0,27.8434
30.0,43.304634
30.0,34.92744
60.0,36.957256
50.0,62.75331
60.0,47.2914
40.0,64.26692
60.0,42.751266
70.0,66.55597
70.0,66.51586
70.0,68.282295
70.0,70.310135
70.0,70.310135
50.0,70.310135
70.0,53.116703
280.0,74.89303
150.0,245.68312
60.0,90.19557
70.0,85.65929
60.0,88.790565
70.0,59.685814
50.0,72.602196
60.0,51.088387
50.0,66.29563
50.0,51.349777
80.0,55.66841
60.0,79.43197
370.0,55.365955
400.0,329.64755
70.0,274.80777
70.0,53.914566
80.0,136.17326
90.0,78.90492
70.0,85.2026
80.0,67.74902
60.0,82.95735
50.0,59.421574
80.0,57.435757
80.0,81.46098
80.0,72.55572
80.0,78.63715
120.0,78.63715
90.0,112.98559
50.0,78.03215
70.0,58.66443
60.0,78.94725
90.0,57.65733
80.0,89.79135
80.0,72.28865
80.0,80.66261
60.0,78.63715
70.0,61.448772
60.0,74.6296
60.0,59.685814
70.0,64.00528
70.0,70.57403
80.0,68.282295
70.0,78.90492
70.0,68.01693
70.0,72.33727
60.0,70.310135
70.0,61.713894
60.0,72.602196
70.0,59.685814
70.0,72.602196
70.0,68.282295
80.0,70.310135
70.0,78.90492
80.0,68.01693
70.0,80.931625
70.0,68.01693
50.0,72.33727
60.0,53.116703
80.0,66.29563
90.0,77.14112
90.0,83.17566
80.0,84.93154
80.0,78.366455
70.0,80.66261
80.0,70.04372
90.0,80.931625
90.0,85.2026
130.0,84.93154
120.0,121.28367
130.0,103.48225
120.0,122.42852
130.0,109.536156
120.0,122.42852
200.0,109.536156
120.0,182.23451
109.99999999999999,93.31035
120.0,119.34908
130.0,114.15508
130.0,118.39916
109.99999999999999,118.10216
120.0,102.98167
90.0,116.170265
90.0,84.0985
80.0,93.02243
80.0,78.366455
100.0,80.66261
109.99999999999999,95.81743
109.99999999999999,99.80232
120.0,101.54291
80.0,112.13804
80.0,75.51512
80.0,86.732376
70.0,78.63715
80.0,70.04372
60.0,80.931625
50.0,59.421574
70.0,57.435757
50.0,72.86462
60.0,49.05985
50.0,66.29563
50.0,51.349777
60.0,55.66841
50.0,62.237675
50.0,51.349777
60.0,55.66841
50.0,62.237675
60.0,51.349777
40.0,64.26692
40.0,42.751266
20.0,49.35821
40.0,28.101799
50.0,49.87281
50.0,49.837284
50.0,51.609463
60.0,53.639053
60.0,62.237675
60.0,59.947933
60.0,61.976837
50.0,61.976837
50.0,53.378765
50.0,55.66841
40.0,53.639053
50.0,45.040134
60.0,55.927586
60.0,60.208008
60.0,59.947933
60.0,61.976837
60.0,61.976837
50.0,61.976837
50.0,53.378765
50.0,55.66841
40.0,53.639053
50.0,45.040134
60.0,55.927586
50.0,60.208008
60.0,51.349777
50.0,64.26692
30.0,51.349777
20.0,38.47094
30.0,32.419403
30.0,39.243996
50.0,34.92744
70.0,54.154617
60.0,66.77552
60.0,57.65733
50.0,64.00528
60.0,53.378765
50.0,64.26692
70.0,51.349777
170.0,72.86462
400.0,152.05783
150.0,326.37076
70.0,81.82795
109.99999999999999,117.92689
100.0,120.82911
120.0,86.89363
80.0,114.444016
90.0,73.49313
120.0,95.320274
390.0,110.684685
240.0,334.12146
120.0,149.80708
70.0,137.47197
90.0,93.11312
80.0,97.61624
70.0,74.31535
80.0,72.06978
109.99999999999999,80.931625
90.0,102.3782
100.0,80.33326
100.0,99.58697
100.0,93.24287
80.0,95.26518
80.0,78.092766
90.0,82.68706
90.0,87.22855
90.0,84.93154
90.0,86.956085
90.0,86.956085
90.0,86.956085
160.0,86.956085
140.0,146.98283
80.0,113.660995
70.0,80.99902
80.0,82.185074
30.0,80.931625
30.0,33.631466
40.0,47.10712
20.0,45.555763
70.0,26.072426
60.0,75.668625
60.0,51.570637
60.0,64.00528
60.0,61.976837
50.0,61.976837
50.0,53.378765
50.0,55.66841
50.0,53.639053
70.0,53.639053
60.0,70.83548
60.0,57.65733
60.0,64.00528
50.0,61.976837
50.0,53.378765
50.0,55.66841
60.0,53.639053
40.0,62.237675
60.0,42.751266
50.0,66.55597
60.0,49.320618
50.0,64.26692
60.0,51.349777
210.00000000000003,64.26692
320.0,188.53491
520.0,248.25885
490.0,413.2329
150.0,356.75046
90.0,127.846085
90.0,152.21852
80.0,99.07549
70.0,78.366455
80.0,72.06978
120.0,80.931625
109.99999999999999,110.96097
90.0,95.194275
100.0,88.42143
90.0,99.58697
100.0,84.65723
100.0,97.56578
90.0,93.24287
90.0,86.680305
109.99999999999999,88.9795
100.0,104.12708
90.0,90.94091
100.0,88.702194
70.0,97.56578
50.0,67.47852
50.0,59.19922
70.0,57.697403
60.0,70.83548
50.0,57.65733
70.0,55.40746
50.0,72.86462
60.0,49.05985
50.0,66.29563
50.0,51.349777
60.0,55.66841
50.0,62.237675
50.0,51.349777
60.0,55.66841
60.0,62.237675
50.0,59.947933
50.0,53.378765
20.0,55.66841
40.0,27.8434
40.0,51.903168
50.0,41.238895
60.0,53.89765
50.0,60.208008
60.0,51.349777
60.0,64.26692
60.0,59.947933
60.0,61.976837
50.0,61.976837
40.0,53.378765
50.0,47.06958
60.0,55.927586
40.0,60.208008
60.0,42.751266
60.0,66.55597
60.0,57.918667
50.0,61.976837
60.0,53.378765
70.0,64.26692
50.0,68.545204
50.0,51.088387
50.0,57.697403
50.0,53.639053
40.0,53.639053
60.0,45.040134
50.0,64.52647
60.0,49.320618
50.0,64.26692
50.0,51.349777
50.0,55.66841
40.0,53.639053
60.0,45.040134
50.0,64.52647
50.0,49.320618
80.0,55.66841
109.99999999999999,79.43197
80.0,98.324135
70.0,71.746
60.0,76.11923
60.0,63.741467
70.0,64.00528
670.0,70.57403
470.0,564.4744
150.0,253.7982
70.0,160.40367
109.99999999999999,131.53197
109.99999999999999,120.82911
100.0,95.47534
100.0,94.9835
80.0,97.28615
90.0,78.092766
109.99999999999999,91.27706
450.0,102.10373
610.0,385.90744
290.0,429.15387
90.0,198.41489
120.0,142.67262
109.99999999999999,152.66216
70.0,97.2163
100.0,71.25113
70.0,104.182785
70.0,63.42743
60.0,76.38903
60.0,61.713894
80.0,64.00528
70.0,79.16984
80.0,65.98951
310.0,80.931625
340.0,272.709
109.99999999999999,244.5537
80.0,89.87482
100.0,123.81845
120.0,101.88589
80.0,108.38173
90.0,73.49313
90.0,95.320274
90.0,84.93154
70.0,86.956085
70.0,69.77472
70.0,74.36361
70.0,70.310135
70.0,70.310135
140.0,70.310135
340.0,130.41496
190.0,283.7381
150.0,123.83993
80.0,164.81857
80.0,84.72931
70.0,92.78983
80.0,70.04372
70.0,80.931625
70.0,68.01693
70.0,72.33727
70.0,70.310135
70.0,70.310135
60.0,70.310135
70.0,61.713894
80.0,72.602196
90.0,76.87734
90.0,85.2026
100.0,84.93154
90.0,95.54314
100.0,84.65723
90.0,97.56578
230.0,84.65723
230.0,208.72331
200.0,173.82529
190.0,176.2564
100.0,174.87079
109.99999999999999,94.591446
109.99999999999999,121.95824
109.99999999999999,101.54291
109.99999999999999,103.56263
140.0,103.56263
150.0,129.27565
140.0,130.88664
130.0,126.04718
130.0,121.820465
140.0,122.12698
120.0,128.67549
100.0,109.23784
80.0,98.73137
90.0,82.13726
80.0,91.27706
80.0,76.34134
80.0,80.66261
50.0,78.63715
50.0,52.852795
60.0,59.725925
50.0,62.237675
50.0,51.349777
50.0,55.66841
50.0,53.639053
60.0,53.639053
60.0,62.237675
60.0,59.947933
60.0,61.976837
60.0,61.976837
50.0,61.976837
60.0,53.378765
50.0,64.26692
50.0,51.349777
50.0,55.66841
50.0,53.639053
60.0,53.639053
50.0,62.237675
60.0,51.349777
60.0,64.26692
60.0,59.947933
60.0,61.976837
60.0,61.976837
40.0,61.976837
60.0,44.780315
40.0,66.55597
60.0,40.72221
40.0,66.55597
60.0,40.72221
60.0,66.55597
50.0,57.918667
70.0,53.378765
50.0,72.86462
60.0,49.05985
50.0,66.29563
50.0,51.349777
50.0,55.66841
60.0,53.639053
40.0,62.237675
60.0,42.751266
60.0,66.55597
60.0,57.918667
60.0,61.976837
50.0,61.976837
50.0,53.378765
50.0,55.66841
50.0,53.639053
50.0,53.639053
40.0,53.639053
50.0,45.040134
50.0,55.927586
60.0,51.609463
60.0,62.237675
60.0,59.947933
50.0,61.976837
60.0,53.378765
60.0,64.26692
260.0,59.947933
360.0,233.08817
100.0,269.37997
90.0,66.85357
90.0,138.54083
100.0,88.9795
120.0,95.54314
200.0,110.40413
130.0,176.21117
80.0,101.855865
210.00000000000003,91.351776
240.0,200.03474
210.00000000000003,185.01668
80.0,178.40208
100.0,80.87352
90.0,121.992134
109.99999999999999,82.63309
120.0,106.14894
360.0,108.09877
270.0,313.19037
120.0,182.11253
140.0,124.60169
120.0,158.87617
100.0,107.22356
260.0,98.73137
250.0,235.86105
100.0,185.55127
90.0,92.60304
80.0,116.82184
100.0,80.39062
80.0,97.841675
90.0,74.04425
80.0,91.27706
80.0,76.34134
80.0,80.66261
70.0,78.63715
80.0,70.04372
70.0,80.931625
70.0,68.01693
70.0,72.33727
80.0,70.310135
100.0,78.90492
90.0,93.791916
90.0,82.63309
100.0,88.9795
109.99999999999999,95.54314
109.99999999999999,101.825325
100.0,101.54291
109.99999999999999,94.9835
100.0,105.86691
90.0,92.96285
100.0,88.702194
90.0,97.56578
100.0,84.65723
90.0,97.56578
90.0,84.65723
80.0,88.9795
90.0,78.366455
80.0,89.2534
90.0,76.34134
90.0,89.2534
80.0,84.93154
70.0,78.366455
80.0,72.06978
560.0,80.931625
630.0,477.92114
230.0,407.69458
100.0,165.34103
109.99999999999999,168.49706
120.0,129.9464
130.0,110.11923
120.0,118.39916
140.0,109.536156
100.0,130.9906
109.99999999999999,90.08345
100.0,111.91663
100.0,92.96285
100.0,97.28615
100.0,95.26518
70.0,95.26518
50.0,69.50306
50.0,59.19922
60.0,57.697403
60.0,62.237675
50.0,59.947933
60.0,53.378765
60.0,64.26692
70.0,59.947933
60.0,70.57403
70.0,59.685814
50.0,72.602196
50.0,51.088387
50.0,57.697403
60.0,53.639053
50.0,62.237675
50.0,51.349777
60.0,55.66841
60.0,62.237675
60.0,59.947933
60.0,61.976837
60.0,61.976837
60.0,61.976837
50.0,61.976837
60.0,53.378765
60.0,64.26692
60.0,59.947933
50.0,61.976837
40.0,53.378765
60.0,47.06958
50.0,64.52647
50.0,49.320618
50.0,55.66841
60.0,53.639053
50.0,62.237675
60.0,51.349777
60.0,64.26692
50.0,59.947933
60.0,53.378765
50.0,64.26692
60.0,51.349777
60.0,64.26692
50.0,59.947933
60.0,53.378765
50.0,64.26692
40.0,51.349777
50.0,47.06958
50.0,55.927586
50.0,51.609463
60.0,53.639053
60.0,62.237675
60.0,59.947933
50.0,61.976837
60.0,53.378765
50.0,64.26692
60.0,51.349777
50.0,64.26692
60.0,51.349777
50.0,64.26692
50.0,51.349777
50.0,55.66841
40.0,53.639053
60.0,45.040134
40.0,64.52647
50.0,40.72221
60.0,57.957222
90.0,60.208008
60.0,85.73515
70.0,55.10128
60.0,76.65613
400.0,59.685814
130.0,352.56964
370.0,43.276623
70.0,373.97247
330.0,13.317732
230.0,349.47626
60.0,145.97644
80.0,77.15162
80.0,113.43903
80.0,74.58359
410.00000000000006,78.63715
180.0,358.15033
50.0,86.925606
60.0,96.045876
50.0,88.54348
60.0,51.349777
50.0,64.26692
50.0,51.349777
50.0,55.66841
50.0,53.639053
60.0,53.639053
40.0,62.237675
60.0,42.751266
50.0,66.55597
60.0,49.320618
60.0,64.26692
60.0,59.947933
50.0,61.976837
60.0,53.378765
60.0,64.26692
50.0,59.947933
60.0,53.378765
60.0,64.26692
50.0,59.947933
60.0,53.378765
60.0,64.26692
50.0,59.947933
60.0,53.378765
50.0,64.26692
60.0,51.349777
40.0,64.26692
50.0,42.751266
50.0,57.957222
50.0,51.609463
50.0,53.639053
60.0,53.639053
60.0,62.237675
50.0,59.947933
60.0,53.378765
50.0,64.26692
60.0,51.349777
50.0,64.26692
70.0,51.349777
50.0,72.86462
60.0,49.05985
60.0,66.29563
60.0,59.947933
40.0,61.976837
60.0,44.780315
40.0,66.55597
50.0,40.72221
40.0,57.957222
50.0,43.01063
60.0,55.927586
50.0,60.208008
60.0,51.349777
50.0,64.26692
50.0,51.349777
60.0,55.66841
90.0,62.237675
70.0,85.73515
90.0,63.695755
80.0,91.54909
80.0,74.31535
70.0,80.66261
80.0,70.04372
70.0,80.931625
80.0,68.01693
60.0,80.931625
50.0,59.421574
60.0,57.435757
60.0,64.26692
60.0,59.947933
60.0,61.976837
60.0,61.976837
60.0,61.976837
50.0,61.976837
60.0,53.378765
50.0,64.26692
60.0,51.349777
50.0,64.26692
60.0,51.349777
60.0,64.26692
40.0,59.947933
60.0,44.780315
50.0,66.55597
50.0,49.320618
50.0,55.66841
60.0,53.639053
60.0,62.237675
50.0,59.947933
70.0,53.378765
50.0,72.86462
60.0,49.05985
60.0,66.29563
60.0,59.947933
50.0,61.976837
60.0,53.378765
60.0,64.26692
60.0,59.947933
50.0,61.976837
50.0,53.378765
50.0,55.66841
60.0,53.639053
40.0,62.237675
50.0,42.751266
60.0,57.957222
60.0,60.208008
50.0,59.947933
60.0,53.378765
60.0,64.26692
50.0,59.947933
60.0,53.378765
60.0,64.26692
90.0,59.947933
70.0,87.763756
50.0,63.695755
60.0,57.172234
70.0,66.29563
50.0,68.545204
60.0,51.088387
40.0,66.29563
70.0,42.751266
50.0,75.15395
60.0,47.031208
50.0,66.29563
60.0,51.349777
50.0,64.26692
60.0,51.349777
60.0,64.26692
60.0,59.947933
50.0,61.976837
50.0,53.378765
70.0,55.66841
50.0,70.83548
70.0,49.05985
60.0,74.89303
70.0,57.65733
70.0,72.602196
70.0,68.282295
70.0,70.310135
70.0,70.310135
60.0,70.310135
60.0,61.713894
60.0,64.00528
60.0,61.976837
50.0,61.976837
60.0,53.378765
50.0,64.26692
50.0,51.349777
50.0,55.66841
50.0,53.639053
60.0,53.639053
60.0,62.237675
80.0,59.947933
70.0,79.16984
70.0,65.98951
60.0,72.33727
230.0,61.713894
190.0,209.62277
180.0,133.89746
80.0,168.7347
80.0,77.797356
60.0,98.83194
360.0,61.448772
370.0,321.30615
109.99999999999999,252.84698
60.0,92.60881
70.0,112.70173
240.0,80.706116
60.0,213.79378
50.0,22.689735
60.0,89.74159
50.0,64.26692
60.0,51.349777
80.0,64.26692
60.0,77.14112
80.0,57.39393
70.0,83.22466
70.0,65.98951
70.0,72.33727
70.0,70.310135
70.0,70.310135
70.0,70.310135
100.0,70.310135
90.0,96.08813
90.0,80.607994
90.0,88.9795
170.0,86.956085
410.00000000000006,155.53767
540.0,338.6193
310.0,397.5637
109.99999999999999,225.16167
109.99999999999999,141.44872
109.99999999999999,143.4776
120.0,103.56263
160.0,112.13804
109.99999999999999,144.07614
120.0,94.02968
109.99999999999999,122.20343
109.99999999999999,101.25642
109.99999999999999,105.58079
100.0,103.56263
109.99999999999999,94.9835
100.0,105.86691
100.0,92.96285
100.0,97.28615
120.0,95.26518
80.0,112.424934
70.0,73.49313
70.0,78.14241
70.0,72.33727
70.0,70.310135
70.0,70.310135
80.0,70.310135
70.0,78.90492
70.0,68.01693
80.0,72.33727
70.0,78.90492
70.0,68.01693
80.0,72.33727
60.0,78.90492
60.0,59.421574
60.0,66.033134
60.0,61.976837
60.0,61.976837
50.0,61.976837
70.0,53.378765
50.0,72.86462
50.0,49.05985
60.0,57.697403
50.0,62.237675
50.0,51.349777
50.0,55.66841
50.0,53.639053
50.0,53.639053
50.0,53.639053
60.0,53.639053
50.0,62.237675
70.0,51.349777
60.0,72.86462
50.0,57.65733
70.0,55.40746
50.0,72.86462
60.0,49.05985
50.0,66.29563
70.0,51.349777
50.0,72.86462
60.0,49.05985
50.0,66.29563
60.0,51.349777
50.0,64.26692
50.0,51.349777
50.0,55.66841
50.0,53.639053
50.0,53.639053
50.0,53.639053
50.0,53.639053
100.0,53.639053
50.0,96.619
80.0,42.18701
60.0,89.566895
80.0,55.365955
60.0,83.22466
70.0,57.39393
70.0,74.6296
60.0,68.282295
60.0,61.713894
60.0,64.00528
60.0,61.976837
60.0,61.976837
80.0,61.976837
50.0,79.16984
60.0,48.79735
50.0,68.32368
60.0,51.349777
50.0,64.26692
60.0,51.349777
50.0,64.26692
60.0,51.349777
60.0,64.26692
60.0,59.947933
60.0,61.976837
60.0,61.976837
60.0,61.976837
50.0,61.976837
50.0,53.378765
50.0,55.66841
50.0,53.639053
50.0,53.639053
50.0,53.639053
60.0,53.639053
50.0,62.237675
60.0,51.349777
60.0,64.26692
60.0,59.947933
50.0,61.976837
60.0,53.378765
60.0,64.26692
50.0,59.947933
60.0,53.378765
60.0,64.26692
50.0,59.947933
60.0,53.378765
60.0,64.26692
60.0,59.947933
50.0,61.976837
60.0,53.378765
50.0,64.26692
60.0,51.349777
50.0,64.26692
50.0,51.349777
50.0,55.66841
50.0,53.639053
50.0,53.639053
50.0,53.639053
60.0,53.639053
60.0,62.237675
50.0,59.947933
60.0,53.378765
60.0,64.26692
60.0,59.947933
60.0,61.976837
50.0,61.976837
60.0,53.378765
50.0,64.26692
60.0,51.349777
70.0,64.26692
70.0,68.545204
70.0,68.282295
80.0,70.310135
70.0,78.90492
80.0,68.01693
80.0,80.931625
100.0,76.61077
350.0,95.81743
140.0,303.576
80.0,71.31208
80.0,118.903366
100.0,90.77224
109.99999999999999,95.81743
100.0,99.80232
100.0,92.96285
100.0,97.28615
100.0,95.26518
140.0,95.26518
90.0,129.56801
100.0,77.46904
90.0,105.64087
100.0,84.65723
90.0,97.56578
90.0,84.65723
100.0,88.9795
100.0,95.54314
109.99999999999999,93.24287
70.0,103.846886
60.0,67.205345
60.0,69.81996
50.0,64.00528
60.0,53.378765
60.0,64.26692
60.0,59.947933
50.0,61.976837
60.0,53.378765
60.0,64.26692
60.0,59.947933
60.0,61.976837
50.0,61.976837
60.0,53.378765
50.0,64.26692
70.0,51.349777
50.0,72.86462
60.0,49.05985
40.0,66.29563
50.0,42.751266
50.0,57.957222
60.0,51.609463
50.0,62.237675
60.0,51.349777
50.0,64.26692
60.0,51.349777
50.0,64.26692
70.0,51.349777
50.0,72.86462
60.0,49.05985
50.0,66.29563
60.0,51.349777
60.0,64.26692
60.0,59.947933
50.0,61.976837
60.0,53.378765
50.0,64.26692
50.0,51.349777
50.0,55.66841
50.0,53.639053
60.0,53.639053
50.0,62.237675
50.0,51.349777
50.0,55.66841
50.0,53.639053
50.0,53.639053
60.0,53.639053
60.0,62.237675
50.0,59.947933
60.0,53.378765
100.0,64.26692
70.0,94.32681
70.0,61.401108
320.0,76.38903
80.0,283.45224
60.0,21.38132
70.0,109.6764
60.0,74.6296
70.0,59.685814
70.0,72.602196
70.0,68.282295
80.0,70.310135
70.0,78.90492
70.0,68.01693
100.0,72.33727
410.00000000000006,96.08813
270.0,351.40985
60.0,165.95319
70.0,83.71441
80.0,112.8557
80.0,76.87734
40.0,76.61077
50.0,44.256313
70.0,62.015087
70.0,68.80573
90.0,66.25389
70.0,87.49776
60.0,65.722664
50.0,65.76842
70.0,55.40746
90.0,72.86462
60.0,83.4422
50.0,57.128395
50.0,59.463543
60.0,55.66841
60.0,62.237675
50.0,59.947933
60.0,53.378765
50.0,64.26692
70.0,51.349777
50.0,72.86462
60.0,49.05985
50.0,66.29563
60.0,51.349777
50.0,64.26692
70.0,51.349777
70.0,72.86462
80.0,66.25389
60.0,78.90492
90.0,59.421574
70.0,91.817825
90.0,63.695755
70.0,91.54909
90.0,65.722664
70.0,91.54909
80.0,65.722664
80.0,82.95735
80.0,76.61077
80.0,78.63715
80.0,78.63715
70.0,78.63715
80.0,70.04372
70.0,80.931625
70.0,68.01693
70.0,72.33727
80.0,70.310135
70.0,78.90492
80.0,68.01693
80.0,80.931625
70.0,76.61077
90.0,70.04372
80.0,89.52401
100.0,74.31535
109.99999999999999,97.841675
100.0,99.80232
109.99999999999999,92.96285
90.0,105.86691
100.0,84.37957
100.0,99.58697
100.0,93.24287
109.99999999999999,95.26518
90.0,103.846886
120.0,84.37957
90.0,116.74776
100.0,80.05524
80.0,101.606636
90.0,76.06895
100.0,91.27706
90.0,93.519196
90.0,84.65723
80.0,88.9795
70.0,78.366455
80.0,72.06978
70.0,80.931625
60.0,68.01693
50.0,63.741467
70.0,55.40746
60.0,72.86462
60.0,57.65733
50.0,64.00528
60.0,53.378765
40.0,64.26692
60.0,42.751266
70.0,66.55597
50.0,66.51586
50.0,51.088387
60.0,57.697403
50.0,62.237675
60.0,51.349777
60.0,64.26692
60.0,59.947933
60.0,61.976837
50.0,61.976837
60.0,53.378765
60.0,64.26692
60.0,59.947933
50.0,61.976837
60.0,53.378765
50.0,64.26692
60.0,51.349777
60.0,64.26692
60.0,59.947933
50.0,61.976837
60.0,53.378765
50.0,64.26692
70.0,51.349777
50.0,72.86462
60.0,49.05985
50.0,66.29563
50.0,51.349777
50.0,55.66841
50.0,53.639053
50.0,53.639053
50.0,53.639053
50.0,53.639053
60.0,53.639053
50.0,62.237675
70.0,51.349777
50.0,72.86462
50.0,49.05985
60.0,57.697403
60.0,62.237675
50.0,59.947933
60.0,53.378765
90.0,64.26692
50.0,85.73515
60.0,46.505756
50.0,70.35098
40.0,51.349777
50.0,47.06958
40.0,55.927586
50.0,43.01063
60.0,55.927586
60.0,60.208008
60.0,59.947933
50.0,61.976837
60.0,53.378765
50.0,64.26692
70.0,51.349777
50.0,72.86462
60.0,49.05985
50.0,66.29563
50.0,51.349777
50.0,55.66841
50.0,53.639053
40.0,53.639053
50.0,45.040134
40.0,55.927586
50.0,43.01063
50.0,55.927586
60.0,51.609463
60.0,62.237675
60.0,59.947933
60.0,61.976837
50.0,61.976837
60.0,53.378765
60.0,64.26692
50.0,59.947933
50.0,53.378765
50.0,55.66841
50.0,53.639053
50.0,53.639053
50.0,53.639053
50.0,53.639053
60.0,53.639053
60.0,62.237675
50.0,59.947933
60.0,53.378765
50.0,64.26692
60.0,51.349777
60.0,64.26692
60.0,59.947933
50.0,61.976837
60.0,53.378765
50.0,64.26692
60.0,51.349777
60.0,64.26692
60.0,59.947933
50.0,61.976837
70.0,53.378765
40.0,72.86462
50.0,40.461937
60.0,59.98642
80.0,60.208008
60.0,77.14112
80.0,57.39393
80.0,83.22466
100.0,74.58359
100.0,95.81743
109.99999999999999,91.21928
200.0,103.846886
100.0,178.5362
100.0,74.19243
100.0,115.39504
109.99999999999999,95.26518
120.0,103.846886
109.99999999999999,110.11923
470.0,101.25642
340.0,408.1705
100.0,210.54564
109.99999999999999,112.6814
109.99999999999999,151.64796
90.0,101.54291
109.99999999999999,86.401115
109.99999999999999,108.169174
130.0,99.521706
120.0,120.70921
120.0,107.51977
120.0,113.86164
130.0,111.84669
120.0,120.414825
130.0,109.536156
120.0,122.42852
80.0,109.536156
70.0,79.556046
70.0,78.14241
130.0,72.33727
80.0,121.839455
70.0,65.122925
80.0,80.16439
80.0,80.931625
60.0,76.61077
60.0,61.448772
60.0,66.033134
60.0,61.976837
70.0,61.976837
50.0,70.57403
60.0,51.088387
60.0,66.29563
60.0,59.947933
60.0,61.976837
60.0,61.976837
50.0,61.976837
60.0,53.378765
50.0,64.26692
70.0,51.349777
50.0,72.86462
60.0,49.05985
40.0,66.29563
60.0,42.751266
50.0,66.55597
50.0,49.320618
50.0,55.66841
50.0,53.639053
60.0,53.639053
60.0,62.237675
50.0,59.947933
60.0,53.378765
60.0,64.26692
50.0,59.947933
60.0,53.378765
60.0,64.26692
60.0,59.947933
60.0,61.976837
60.0,61.976837
50.0,61.976837
60.0,53.378765
60.0,64.26692
60.0,59.947933
50.0,61.976837
50.0,53.378765
50.0,55.66841
50.0,53.639053
50.0,53.639053
50.0,53.639053
50.0,53.639053
60.0,53.639053
50.0,62.237675
60.0,51.349777
60.0,64.26692
70.0,59.947933
60.0,70.57403
70.0,59.685814
190.0,72.602196
370.0,171.18413
100.0,296.72046
90.0,50.642338
109.99999999999999,140.49344
80.0,106.14894
120.0,73.7702
109.99999999999999,119.04917
80.0,95.194275
560.0,79.83739
660.0,485.84155
330.0,430.00882
270.0,236.57152
290.0,289.6149
230.0,261.46158
250.0,195.02556
190.0,230.07225
80.0,163.05476
70.0,87.507744
60.0,92.265015
80.0,63.741467
80.0,81.19773
70.0,74.58359
60.0,70.04372
80.0,63.741467
70.0,81.19773
80.0,65.98951
80.0,80.931625
109.99999999999999,76.61077
600.0,104.40327
560.0,504.2698
320.0,349.4504
260.0,261.81415
280.0,266.62164
260.0,253.67427
240.0,220.63531
210.00000000000003,212.56561
100.0,188.21156
380.0,97.93865
620.0,354.1138
310.0,453.97635
270.0,199.00955
280.0,287.62546
240.0,249.35217
280.0,205.82112
230.0,250.87024
170.0,191.58974
170.0,160.67369
620.0,164.91911
460.0,522.5214
240.0,278.4255
250.0,226.69557
270.0,259.60272
250.0,232.37256
219.99999999999997,212.7345
170.0,196.20735
100.0,157.13715
200.0,103.231316
350.0,194.86375
300.0,283.70563
450.0,225.19179
450.0,388.4848
290.0,340.43283
270.0,239.20493
280.0,262.335
200.0,245.53479
120.0,172.19981
120.0,125.2502
109.99999999999999,127.90651
560.0,103.27424
450.0,480.55496
490.0,275.31198
280.0,417.0814
280.0,220.99377
310.0,280.2372
280.0,266.13522
310.0,233.87823
330.0,271.83588
190.0,275.2977
130.0,159.60048
140.0,145.91182
150.0,140.69846
140.0,134.91005
130.0,126.04718
130.0,121.820465
100.0,122.12698
120.0,94.40866
100.0,118.47656
80.0,90.65887
60.0,82.13726
60.0,65.50139
60.0,66.033134
60.0,61.976837
60.0,61.976837
60.0,61.976837
50.0,61.976837
50.0,53.378765
50.0,55.66841
60.0,53.639053
60.0,62.237675
60.0,59.947933
70.0,61.976837
60.0,70.57403
60.0,59.685814
60.0,64.00528
60.0,61.976837
50.0,61.976837
60.0,53.378765
50.0,64.26692
60.0,51.349777
60.0,64.26692
70.0,59.947933
60.0,70.57403
70.0,59.685814
60.0,72.602196
60.0,59.685814
70.0,64.00528
60.0,70.57403
60.0,59.685814
50.0,64.00528
60.0,53.378765
60.0,64.26692
60.0,59.947933
70.0,61.976837
60.0,70.57403
70.0,59.685814
60.0,72.602196
60.0,59.685814
50.0,64.00528
60.0,53.378765
60.0,64.26692
50.0,59.947933
60.0,53.378765
60.0,64.26692
60.0,59.947933
70.0,61.976837
60.0,70.57403
60.0,59.685814
60.0,64.00528
50.0,61.976837
60.0,53.378765
50.0,64.26692
60.0,51.349777
70.0,64.26692
50.0,68.545204
70.0,51.088387
60.0,74.89303
70.0,57.65733
70.0,72.602196
60.0,68.282295
100.0,61.713894
50.0,98.382576
80.0,44.21369
320.0,89.566895
350.0,277.0774
160.0,250.34404
70.0,131.56729
80.0,105.79431
70.0,97.100266
70.0,68.01693
70.0,72.33727
80.0,70.310135
80.0,78.90492
100.0,76.61077
90.0,95.81743
290.0,82.63309
429.99999999999994,259.55048
100.0,325.34833
100.0,56.31739
100.0,160.58138
109.99999999999999,95.26518
109.99999999999999,103.846886
109.99999999999999,101.54291
90.0,103.56263
90.0,86.401115
100.0,91.001656
90.0,95.54314
100.0,84.65723
109.99999999999999,97.56578
109.99999999999999,101.825325
130.0,101.54291
109.99999999999999,120.70921
109.99999999999999,98.94834
130.0,107.59724
109.99999999999999,120.70921
130.0,98.94834
130.0,124.73903
120.0,116.08683
90.0,111.550804
100.0,88.13717
100.0,101.606636
109.99999999999999,93.24287
109.99999999999999,103.846886
100.0,101.54291
90.0,94.9835
130.0,88.702194
120.0,123.30393
140.0,103.48225
130.0,130.9906
130.0,115.787254
130.0,122.12698
130.0,120.115585
120.0,120.115585
109.99999999999999,111.550804
109.99999999999999,105.29046
109.99999999999999,105.58079
109.99999999999999,103.56263
109.99999999999999,103.56263
100.0,103.56263
100.0,94.9835
90.0,97.28615
100.0,86.680305
490.0,97.56578
570.0,420.87262
460.0,385.61176
120.0,349.7897
100.0,119.8506
109.99999999999999,161.76756
109.99999999999999,107.88529
100.0,101.54291
100.0,94.9835
90.0,97.28615
90.0,86.680305
90.0,88.9795
90.0,86.956085
80.0,86.956085
109.99999999999999,78.366455
90.0,106.426895
80.0,80.33326
80.0,82.41372
80.0,80.66261
80.0,78.63715
80.0,78.63715
80.0,78.63715
70.0,78.63715
80.0,70.04372
70.0,80.931625
70.0,68.01693
90.0,72.33727
70.0,87.49776
50.0,65.722664
50.0,57.172234
50.0,57.697403
60.0,53.639053
50.0,62.237675
40.0,51.349777
50.0,47.06958
50.0,55.927586
50.0,51.609463
50.0,53.639053
60.0,53.639053
50.0,62.237675
60.0,51.349777
50.0,64.26692
50.0,51.349777
50.0,55.66841
50.0,53.639053
60.0,53.639053
50.0,62.237675
50.0,51.349777
60.0,55.66841
60.0,62.237675
50.0,59.947933
60.0,53.378765
50.0,64.26692
60.0,51.349777
50.0,64.26692
40.0,51.349777
60.0,47.06958
30.0,64.52647
40.0,32.12396
30.0,51.646137
40.0,34.670174
40.0,47.586014
50.0,43.2687
60.0,53.89765
50.0,60.208008
60.0,51.349777
40.0,64.26692
50.0,42.751266
60.0,57.957222
40.0,60.208008
60.0,42.751266
60.0,66.55597
60.0,57.918667
60.0,61.976837
50.0,61.976837
50.0,53.378765
60.0,55.66841
40.0,62.237675
60.0,42.751266
50.0,66.55597
90.0,49.320618
80.0,90.05551
50.0,70.26134
60.0,54.880016
60.0,68.32368
219.99999999999997,59.947933
190.0,199.08527
120.0,136.24683
70.0,115.666954
50.0,83.07409
150.0,63.251053
130.0,143.58186
120.0,99.33874
109.99999999999999,115.57446
80.0,105.29046
100.0,79.83739
100.0,101.88589
100.0,91.21928
70.0,95.26518
80.0,69.50306
80.0,84.98196
200.0,76.61077
109.99999999999999,181.4571
109.99999999999999,76.70572
100.0,121.65559
100.0,94.9835
109.99999999999999,97.28615
100.0,103.846886
109.99999999999999,92.96285
109.99999999999999,105.86691
90.0,101.54291
100.0,86.401115
90.0,99.58697
109.99999999999999,84.65723
100.0,106.14894
90.0,90.94091
109.99999999999999,88.702194
109.99999999999999,106.14894
100.0,99.521706
260.0,94.9835
160.0,233.86044
80.0,109.3896
80.0,96.44394
90.0,94.80572
90.0,87.22855
70.0,84.93154
100.0,69.77472
100.0,100.13837
100.0,89.19457
80.0,95.26518
90.0,78.092766
100.0,91.27706
90.0,93.519196
100.0,84.65723
100.0,97.56578
109.99999999999999,93.24287
130.0,103.846886
109.99999999999999,118.69133
109.99999999999999,98.94834
300.0,107.59724
360.0,265.29648
140.0,269.50195
100.0,108.465256
200.0,137.86987
330.0,188.88235
290.0,267.04434
120.0,221.81476
80.0,114.027466
80.0,111.63586
100.0,86.732376
109.99999999999999,95.81743
100.0,99.80232
109.99999999999999,92.96285
100.0,105.86691
100.0,92.96285
80.0,97.28615
100.0,78.092766
90.0,99.86454
100.0,82.63309
90.0,97.56578
170.0,84.65723
500.0,157.55464
330.0,411.93015
290.0,206.4395
260.0,278.07434
230.0,231.6458
240.0,206.10353
240.0,215.87036
150.0,207.63452
100.0,133.48288
90.0,111.854355
90.0,96.775696
90.0,88.9795
80.0,86.956085
100.0,78.366455
70.0,97.841675
80.0,65.45328
80.0,84.98196
80.0,76.61077
80.0,78.63715
90.0,78.63715
90.0,87.22855
80.0,84.93154
70.0,78.366455
50.0,72.06978
60.0,55.144688
60.0,66.29563
50.0,59.947933
50.0,53.378765
60.0,55.66841
50.0,62.237675
50.0,51.349777
50.0,55.66841
60.0,53.639053
50.0,62.237675
70.0,51.349777
50.0,72.86462
60.0,49.05985
60.0,66.29563
50.0,59.947933
70.0,53.378765
50.0,72.86462
50.0,49.05985
50.0,57.697403
50.0,53.639053
50.0,53.639053
50.0,53.639053
50.0,53.639053
60.0,53.639053
50.0,62.237675
60.0,51.349777
60.0,64.26692
50.0,59.947933
60.0,53.378765
50.0,64.26692
50.0,51.349777
50.0,55.66841
50.0,53.639053
50.0,53.639053
50.0,53.639053
50.0,53.639053
60.0,53.639053
50.0,62.237675
60.0,51.349777
60.0,64.26692
60.0,59.947933
50.0,61.976837
50.0,53.378765
90.0,55.66841
60.0,88.02665
40.0,53.07391
50.0,50.866386
60.0,57.957222
50.0,60.208008
160.0,51.349777
170.0,150.12389
80.0,131.2174
60.0,74.07443
50.0,79.65495
50.0,57.435757
80.0,55.66841
100.0,79.43197
320.0,89.737495
160.0,278.44742
100.0,95.285446
100.0,125.40551
109.99999999999999,107.366615
100.0,103.846886
100.0,92.96285
100.0,97.28615
90.0,95.26518
109.99999999999999,86.680305
109.99999999999999,106.14894
109.99999999999999,99.521706
290.0,103.56263
450.0,256.87177
160.0,345.53326
100.0,101.770775
120.0,150.70793
120.0,124.5097
120.0,107.81147
330.0,111.84669
350.0,290.12408
360.0,255.79576
340.0,299.3366
100.0,284.2086
80.0,91.27006
90.0,126.10723
80.0,91.27706
80.0,76.34134
100.0,80.66261
100.0,95.81743
100.0,91.21928
80.0,95.26518
210.00000000000003,78.092766
90.0,194.01553
100.0,57.27968
90.0,119.69557
90.0,84.65723
90.0,88.9795
90.0,86.956085
90.0,86.956085
80.0,86.956085
90.0,78.366455
90.0,89.2534
120.0,84.93154
109.99999999999999,112.70742
109.99999999999999,97.2163
630.0,105.58079
400.0,533.63214
350.0,217.47385
120.0,331.57166
100.0,113.52979
109.99999999999999,140.5104
100.0,107.88529
150.0,92.96285
100.0,140.14825
120.0,83.737915
120.0,122.5009
109.99999999999999,107.81147
120.0,103.27424
120.0,114.15508
109.99999999999999,109.829926
100.0,103.27424
130.0,97.00274
80.0,123.01694
80.0,71.191536
80.0,88.75305
80.0,78.63715
80.0,78.63715
70.0,78.63715
60.0,70.04372
60.0,63.741467
60.0,64.00528
50.0,61.976837
50.0,53.378765
40.0,55.66841
60.0,45.040134
40.0,64.52647
40.0,40.72221
50.0,49.35821
60.0,53.89765
70.0,60.208008
60.0,68.545204
70.0,59.685814
50.0,72.602196
40.0,51.088387
50.0,49.098843
50.0,55.927586
50.0,51.609463
50.0,53.639053
60.0,53.639053
50.0,62.237675
60.0,51.349777
50.0,64.26692
60.0,51.349777
50.0,64.26692
60.0,51.349777
50.0,64.26692
40.0,51.349777
60.0,47.06958
40.0,64.52647
70.0,40.72221
50.0,75.15395
60.0,47.031208
60.0,66.29563
50.0,59.947933
60.0,53.378765
40.0,64.26692
50.0,42.751266
50.0,57.957222
50.0,51.609463
50.0,53.639053
60.0,53.639053
50.0,62.237675
60.0,51.349777
70.0,64.26692
80.0,68.545204
50.0,76.87734
50.0,50.825203
50.0,59.725925
50.0,53.639053
60.0,53.639053
40.0,62.237675
50.0,42.751266
40.0,57.957222
80.0,43.01063
70.0,81.721466
60.0,61.93326
70.0,63.741467
109.99999999999999,72.602196
50.0,102.648796
50.0,43.94718
50.0,65.80752
50.0,53.639053
70.0,53.639053
50.0,70.83548
60.0,49.05985
60.0,66.29563
50.0,59.947933
50.0,53.378765
50.0,55.66841
50.0,53.639053
50.0,53.639053
50.0,53.639053
60.0,53.639053
50.0,62.237675
50.0,51.349777
60.0,55.66841
50.0,62.237675
60.0,51.349777
50.0,64.26692
60.0,51.349777
40.0,64.26692
60.0,42.751266
40.0,66.55597
60.0,40.72221
50.0,66.55597
60.0,49.320618
50.0,64.26692
50.0,51.349777
60.0,55.66841
50.0,62.237675
50.0,51.349777
40.0,55.66841
50.0,45.040134
50.0,55.927586
40.0,51.609463
30.0,45.040134
40.0,38.72961
40.0,47.586014
60.0,43.2687
60.0,62.49647
50.0,57.918667
60.0,53.378765
50.0,64.26692
50.0,51.349777
40.0,55.66841
50.0,45.040134
60.0,55.927586
60.0,60.208008
50.0,59.947933
60.0,53.378765
60.0,64.26692
50.0,59.947933
80.0,53.378765
70.0,81.46098
80.0,63.961582
80.0,80.931625
80.0,76.61077
90.0,78.63715
100.0,87.22855
190.0,93.519196
380.0,170.31158
100.0,311.00977
90.0,48.307117
109.99999999999999,142.44194
90.0,106.14894
109.99999999999999,82.35691
100.0,108.169174
90.0,90.94091
140.0,88.702194
140.0,131.87476
130.0,118.29889
120.0,119.81141
120.0,113.56362
130.0,113.86164
140.0,120.414825
109.99999999999999,126.66333
109.99999999999999,100.67094
109.99999999999999,109.61189
109.99999999999999,103.56263
90.0,103.56263
60.0,86.401115
80.0,65.231995
50.0,85.25056
60.0,48.79735
50.0,68.32368
60.0,51.349777
80.0,64.26692
50.0,77.14112
40.0,48.79735
20.0,51.12782
30.0,30.131512
30.0,41.274307
60.0,34.92744
60.0,62.75331
60.0,55.889164
60.0,61.976837
60.0,61.976837
50.0,61.976837
60.0,53.378765
50.0,64.26692
50.0,51.349777
50.0,55.66841
50.0,53.639053
50.0,53.639053
40.0,53.639053
60.0,45.040134
50.0,64.52647
60.0,49.320618
60.0,64.26692
60.0,59.947933
50.0,61.976837
60.0,53.378765
50.0,64.26692
50.0,51.349777
60.0,55.66841
40.0,62.237675
60.0,42.751266
40.0,66.55597
60.0,40.72221
60.0,66.55597
50.0,57.918667
60.0,53.378765
50.0,64.26692
60.0,51.349777
50.0,64.26692
50.0,51.349777
40.0,55.66841
80.0,45.040134
70.0,81.721466
60.0,61.93326
50.0,63.741467
70.0,55.40746
60.0,72.86462
60.0,57.65733
130.0,64.00528
60.0,122.11051
70.0,45.924828
50.0,84.75122
50.0,51.088387
50.0,57.697403
50.0,53.639053
50.0,53.639053
50.0,53.639053
60.0,53.639053
60.0,62.237675
50.0,59.947933
70.0,53.378765
70.0,72.86462
80.0,66.25389
50.0,78.90492
50.0,50.825203
50.0,59.725925
40.0,53.639053
90.0,45.040134
60.0,90.31657
80.0,51.0464
70.0,85.25056
60.0,65.98951
40.0,63.741467
60.0,46.809265
50.0,66.55597
50.0,49.320618
90.0,55.66841
100.0,88.02665
80.0,87.44055
60.0,76.06895
70.0,65.50139
50.0,74.6296
60.0,51.088387
50.0,66.29563
50.0,51.349777
50.0,55.66841
40.0,53.639053
80.0,45.040134
70.0,81.721466
90.0,61.93326
80.0,89.52401
90.0,74.31535
80.0,89.2534
90.0,76.34134
90.0,89.2534
90.0,84.93154
80.0,86.956085
80.0,78.366455
80.0,80.66261
80.0,78.63715
80.0,78.63715
90.0,78.63715
90.0,87.22855
90.0,84.93154
80.0,86.956085
80.0,78.366455
70.0,80.66261
70.0,70.04372
50.0,72.33727
70.0,53.116703
140.0,74.89303
240.0,126.36152
60.0,199.50623
70.0,36.765293
90.0,106.87234
100.0,85.47044
109.99999999999999,91.49403
100.0,101.825325
240.0,92.96285
130.0,216.90208
150.0,88.52235
120.0,159.16911
210.00000000000003,106.92283
330.0,194.74516
130.0,268.61877
130.0,89.38366
150.0,159.81384
140.0,137.23007
160.0,124.03782
140.0,147.46747
140.0,123.72433
160.0,132.38017
140.0,145.4632
130.0,123.72433
290.0,123.827324
460.0,258.1471
160.0,357.5508
100.0,99.368546
109.99999999999999,152.62463
90.0,115.94003
70.0,84.37957
60.0,73.82366
60.0,65.76842
50.0,64.00528
60.0,53.378765
50.0,64.26692
60.0,51.349777
40.0,64.26692
50.0,42.751266
50.0,57.957222
50.0,51.609463
60.0,53.639053
50.0,62.237675
70.0,51.349777
60.0,72.86462
60.0,57.65733
50.0,64.00528
60.0,53.378765
40.0,64.26692
50.0,42.751266
50.0,57.957222
40.0,51.609463
50.0,45.040134
50.0,55.927586
60.0,51.609463
50.0,62.237675
60.0,51.349777
50.0,64.26692
50.0,51.349777
50.0,55.66841
50.0,53.639053
60.0,53.639053
40.0,62.237675
50.0,42.751266
40.0,57.957222
60.0,43.01063
40.0,64.52647
60.0,40.72221
60.0,66.55597
60.0,57.918667
60.0,61.976837
50.0,61.976837
60.0,53.378765
50.0,64.26692
60.0,51.349777
50.0,64.26692
80.0,51.349777
40.0,81.46098
50.0,38.17226
50.0,62.015087
60.0,51.609463
60.0,62.237675
60.0,59.947933
70.0,61.976837
60.0,70.57403
50.0,59.685814
50.0,55.40746
50.0,55.66841
40.0,53.639053
60.0,45.040134
40.0,64.52647
60.0,40.72221
50.0,66.55597
60.0,49.320618
50.0,64.26692
60.0,51.349777
50.0,64.26692
50.0,51.349777
50.0,55.66841
50.0,53.639053
40.0,53.639053
20.0,45.040134
40.0,30.131512
30.0,49.87281
40.0,32.640804
60.0,47.586014
50.0,60.466095
60.0,49.320618
50.0,64.26692
50.0,51.349777
60.0,55.66841
40.0,62.237675
50.0,42.751266
50.0,57.957222
50.0,51.609463
60.0,53.639053
60.0,62.237675
60.0,59.947933
50.0,61.976837
70.0,53.378765
50.0,72.86462
60.0,49.05985
40.0,66.29563
50.0,42.751266
40.0,57.957222
50.0,43.01063
50.0,55.927586
50.0,51.609463
60.0,53.639053
50.0,62.237675
60.0,51.349777
50.0,64.26692
60.0,51.349777
80.0,64.26692
80.0,77.14112
80.0,74.58359
80.0,78.63715
80.0,78.63715
80.0,78.63715
90.0,78.63715
80.0,87.22855
100.0,76.34134
90.0,97.841675
90.0,82.63309
80.0,88.9795
100.0,78.366455
80.0,97.841675
70.0,74.04425
90.0,74.094986
70.0,89.52401
100.0,65.722664
400.0,100.13837
520.0,343.1436
160.0,370.98703
100.0,106.05111
210.00000000000003,164.02275
109.99999999999999,201.38765
70.0,78.41617
70.0,89.3957
70.0,78.413414
100.0,70.310135
109.99999999999999,96.08813
100.0,97.77801
109.99999999999999,92.96285
100.0,105.86691
170.0,92.96285
109.99999999999999,157.25688
130.0,87.68324
120.0,132.77184
90.0,107.51977
90.0,88.13717
70.0,93.02243
80.0,69.77472
70.0,82.95735
60.0,68.01693
60.0,63.741467
60.0,64.00528
50.0,61.976837
50.0,53.378765
50.0,55.66841
50.0,53.639053
50.0,53.639053
50.0,53.639053
60.0,53.639053
50.0,62.237675
60.0,51.349777
60.0,64.26692
50.0,59.947933
60.0,53.378765
40.0,64.26692
50.0,42.751266
50.0,57.957222
60.0,51.609463
40.0,62.237675
70.0,42.751266
50.0,75.15395
50.0,47.031208
60.0,57.697403
50.0,62.237675
60.0,51.349777
40.0,64.26692
50.0,42.751266
40.0,57.957222
30.0,43.01063
20.0,38.72961
30.0,30.389357
50.0,39.243996
70.0,52.123997
60.0,66.77552
50.0,57.65733
60.0,55.40746
60.0,64.26692
50.0,59.947933
50.0,53.378765
50.0,55.66841
50.0,53.639053
50.0,53.639053
50.0,53.639053
60.0,53.639053
80.0,62.237675
80.0,77.14112
50.0,74.58359
60.0,52.852795
60.0,68.32368
40.0,59.947933
60.0,44.780315
50.0,66.55597
50.0,49.320618
60.0,55.66841
90.0,62.237675
90.0,85.73515
80.0,80.8795
90.0,78.366455
80.0,89.2534
70.0,76.34134
80.0,72.06978
80.0,80.931625
109.99999999999999,76.61077
130.0,104.40327
170.0,114.65021
130.0,150.3018
130.0,110.84146
90.0,128.14792
70.0,85.83228
60.0,77.868576
90.0,65.76842
80.0,89.79135
80.0,72.28865
60.0,80.66261
100.0,61.448772
80.0,100.40857
70.0,69.992645
90.0,74.094986
70.0,89.52401
80.0,65.722664
70.0,82.95735
80.0,68.01693
60.0,80.931625
60.0,59.421574
120.0,66.033134
50.0,113.52917
70.0,39.628498
60.0,85.020355
90.0,57.65733
70.0,89.79135
70.0,63.695755
70.0,74.36361
70.0,70.310135
60.0,70.310135
70.0,61.713894
60.0,72.602196
50.0,59.685814
60.0,55.40746
60.0,64.26692
70.0,59.947933
60.0,70.57403
60.0,59.685814
50.0,64.00528
60.0,53.378765
50.0,64.26692
40.0,51.349777
50.0,47.06958
50.0,55.927586
50.0,51.609463
40.0,53.639053
30.0,45.040134
40.0,38.72961
30.0,47.586014
60.0,34.670174
60.0,64.78399
70.0,55.889164
90.0,70.57403
60.0,85.47044
80.0,57.128395
70.0,85.25056
80.0,65.98951
70.0,80.931625
90.0,68.01693
80.0,89.52401
80.0,74.31535
70.0,80.66261
70.0,70.04372
80.0,72.33727
70.0,78.90492
60.0,68.01693
60.0,63.741467
70.0,64.00528
60.0,70.57403
70.0,59.685814
70.0,72.602196
70.0,68.282295
70.0,70.310135
70.0,70.310135
80.0,70.310135
60.0,78.90492
70.0,59.421574
60.0,74.6296
80.0,59.685814
70.0,81.19773
50.0,65.98951
60.0,55.144688
40.0,66.29563
60.0,42.751266
50.0,66.55597
60.0,49.320618
60.0,64.26692
50.0,59.947933
50.0,53.378765
50.0,55.66841
50.0,53.639053
50.0,53.639053
40.0,53.639053
30.0,45.040134
40.0,38.72961
40.0,47.586014
40.0,43.2687
60.0,45.29859
60.0,62.49647
50.0,57.918667
60.0,53.378765
50.0,64.26692
50.0,51.349777
50.0,55.66841
50.0,53.639053
50.0,53.639053
60.0,53.639053
50.0,62.237675
60.0,51.349777
50.0,64.26692
60.0,51.349777
60.0,64.26692
40.0,59.947933
50.0,44.780315
50.0,57.957222
40.0,51.609463
60.0,45.040134
50.0,64.52647
60.0,49.320618
60.0,64.26692
60.0,59.947933
50.0,61.976837
60.0,53.378765
50.0,64.26692
70.0,51.349777
40.0,72.86462
50.0,40.461937
50.0,59.98642
50.0,51.609463
50.0,53.639053
50.0,53.639053
60.0,53.639053
60.0,62.237675
50.0,59.947933
60.0,53.378765
80.0,64.26692
80.0,77.14112
50.0,74.58359
50.0,52.852795
60.0,59.725925
50.0,62.237675
50.0,51.349777
80.0,55.66841
330.0,79.43197
280.0,285.4745
130.0,189.82022
330.0,124.834465
100.0,318.8379
100.0,48.033165
80.0,141.17827
90.0,78.092766
390.0,91.27706
790.0,339.23355
410.00000000000006,575.59656
270.0,233.47229
340.0,291.6895
270.0,317.5425
340.0,216.29556
610.0,304.68997
470.0,489.2599
109.99999999999999,320.2002
590.0,116.7798
720.0,566.26056
600.0,470.91498
260.0,428.34445
310.0,224.84389
270.0,328.69894
250.0,221.70085
270.0,224.31242
230.0,238.17722
200.0,195.94165
150.0,184.09425
80.0,140.88614
550.0,86.738495
620.0,485.6577
250.0,403.02914
300.0,182.01917
260.0,326.32095
219.99999999999997,213.85124
270.0,199.63422
219.99999999999997,243.45496
109.99999999999999,181.65517
480.0,110.09722
520.0,435.57053
380.0,351.56958
550.0,298.84213
540.0,475.42508
340.0,397.7292
219.99999999999997,274.16684
140.0,225.39816
109.99999999999999,149.33864
90.0,118.72513
109.99999999999999,92.45796
100.0,108.169174
90.0,90.94091
100.0,88.702194
120.0,97.56578
109.99999999999999,110.40413
90.0,99.23705
80.0,88.42143
90.0,82.41372
80.0,89.2534
150.0,76.34134
130.0,140.72734
120.0,105.40322
120.0,115.57446
120.0,113.86164
109.99999999999999,111.84669
109.99999999999999,103.27424
109.99999999999999,105.58079
109.99999999999999,103.56263
109.99999999999999,103.56263
109.99999999999999,103.56263
100.0,103.56263
109.99999999999999,94.9835
100.0,105.86691
100.0,92.96285
100.0,97.28615
70.0,95.26518
90.0,69.50306
100.0,93.57291
109.99999999999999,91.49403
340.0,101.825325
90.0,296.8661
90.0,33.238182
80.0,136.91
90.0,78.366455
60.0,89.2534
80.0,59.15514
70.0,85.25056
70.0,65.98951
70.0,72.33727
70.0,70.310135
160.0,70.310135
410.00000000000006,147.55061
140.0,337.0323
60.0,69.08175
50.0,113.696266
60.0,69.59075
60.0,64.26692
60.0,59.947933
60.0,61.976837
60.0,61.976837
60.0,61.976837
50.0,61.976837
60.0,53.378765
60.0,64.26692
50.0,59.947933
60.0,53.378765
60.0,64.26692
50.0,59.947933
50.0,53.378765
50.0,55.66841
50.0,53.639053
50.0,53.639053
60.0,53.639053
50.0,62.237675
50.0,51.349777
60.0,55.66841
50.0,62.237675
60.0,51.349777
50.0,64.26692
60.0,51.349777
50.0,64.26692
60.0,51.349777
50.0,64.26692
60.0,51.349777
50.0,64.26692
60.0,51.349777
50.0,64.26692
50.0,51.349777
40.0,55.66841
50.0,45.040134
50.0,55.927586
50.0,51.609463
50.0,53.639053
60.0,53.639053
70.0,62.237675
60.0,68.545204
60.0,59.685814
60.0,64.00528
60.0,61.976837
60.0,61.976837
70.0,61.976837
70.0,70.57403
60.0,68.282295
60.0,61.713894
50.0,64.00528
60.0,53.378765
219.99999999999997,64.26692
490.0,197.05916
260.0,385.4639
120.0,161.34033
120.0,152.01543
100.0,139.84161
130.0,94.698006
100.0,125.03305
109.99999999999999,88.353325
80.0,109.9019
90.0,75.793564
80.0,93.299385
150.0,76.34134
490.0,140.72734
320.0,406.7719
360.0,196.97209
470.0,335.74615
410.00000000000006,383.60556
290.0,314.34604
280.0,252.87679
250.0,263.252
190.0,218.05989
130.0,172.85739
109.99999999999999,130.15627
109.99999999999999,115.0381
120.0,107.59724
100.0,112.13804
100.0,92.6791
100.0,99.30565
109.99999999999999,95.26518
109.99999999999999,103.846886
100.0,101.54291
100.0,94.9835
109.99999999999999,97.28615
109.99999999999999,103.846886
109.99999999999999,101.54291
109.99999999999999,103.56263
100.0,103.56263
100.0,94.9835
90.0,97.28615
100.0,86.680305
100.0,97.56578
109.99999999999999,93.24287
90.0,103.846886
90.0,84.37957
90.0,91.001656
80.0,86.956085
100.0,78.366455
90.0,97.841675
90.0,82.63309
80.0,88.9795
210.00000000000003,78.366455
439.99999999999994,192.00208
340.0,351.42212
240.0,237.50179
200.0,223.55899
160.0,195.28284
130.0,151.37024
109.99999999999999,127.19089
120.0,109.01888
109.99999999999999,116.170265
120.0,101.25642
130.0,114.15508
109.99999999999999,118.39916
109.99999999999999,100.965775
109.99999999999999,107.59724
90.0,103.56263
80.0,86.401115
80.0,82.41372
90.0,80.66261
120.0,87.22855
120.0,110.684685
130.0,105.79144
120.0,120.414825
120.0,109.536156
90.0,113.86164
100.0,86.11846
100.0,101.606636
90.0,93.24287
80.0,86.680305
70.0,80.39062
80.0,72.06978
60.0,80.931625
80.0,59.421574
100.0,83.22466
80.0,91.76523
70.0,74.04425
60.0,74.094986
60.0,63.741467
60.0,64.00528
60.0,61.976837
60.0,61.976837
60.0,61.976837
60.0,61.976837
60.0,61.976837
60.0,61.976837
60.0,61.976837
60.0,61.976837
50.0,61.976837
50.0,53.378765
50.0,55.66841
50.0,53.639053
50.0,53.639053
50.0,53.639053
60.0,53.639053
50.0,62.237675
60.0,51.349777
60.0,64.26692
60.0,59.947933
60.0,61.976837
60.0,61.976837
50.0,61.976837
60.0,53.378765
50.0,64.26692
50.0,51.349777
50.0,55.66841
50.0,53.639053
50.0,53.639053
50.0,53.639053
40.0,53.639053
50.0,45.040134
50.0,55.927586
60.0,51.609463
90.0,62.237675
60.0,85.73515
70.0,55.10128
70.0,76.65613
50.0,68.282295
60.0,53.116703
60.0,66.29563
60.0,59.947933
50.0,61.976837
80.0,53.378765
50.0,81.46098
60.0,46.769344
60.0,68.32368
50.0,59.947933
70.0,53.378765
50.0,72.86462
60.0,49.05985
50.0,66.29563
50.0,51.349777
50.0,55.66841
50.0,53.639053
50.0,53.639053
60.0,53.639053
50.0,62.237675
60.0,51.349777
50.0,64.26692
60.0,51.349777
50.0,64.26692
60.0,51.349777
50.0,64.26692
50.0,51.349777
50.0,55.66841
40.0,53.639053
60.0,45.040134
50.0,64.52647
60.0,49.320618
50.0,64.26692
60.0,51.349777
50.0,64.26692
60.0,51.349777
60.0,64.26692
60.0,59.947933
40.0,61.976837
50.0,44.780315
60.0,57.957222
60.0,60.208008
80.0,59.947933
80.0,79.16984
50.0,74.58359
60.0,52.852795
60.0,68.32368
50.0,59.947933
60.0,53.378765
60.0,64.26692
60.0,59.947933
50.0,61.976837
60.0,53.378765
40.0,64.26692
70.0,42.751266
70.0,75.15395
70.0,64.225
70.0,70.310135
80.0,70.310135
60.0,78.90492
90.0,59.421574
70.0,91.817825
70.0,63.695755
60.0,74.36361
70.0,61.713894
100.0,72.602196
290.0,94.0611
350.0,251.18054
270.0,261.73187
230.0,217.68346
240.0,215.21866
590.0,217.81033
490.0,492.66638
460.0,322.93134
160.0,388.10416
120.0,137.68452
109.99999999999999,169.48116
120.0,111.32823
120.0,114.15508
109.99999999999999,109.829926
170.0,103.27424
109.99999999999999,156.95303
109.99999999999999,89.6994
109.99999999999999,115.64387
109.99999999999999,103.56263
109.99999999999999,103.56263
109.99999999999999,103.56263
109.99999999999999,103.56263
100.0,103.56263
109.99999999999999,94.9835
100.0,105.86691
100.0,92.96285
80.0,97.28615
70.0,78.092766
70.0,74.094986
60.0,72.33727
70.0,61.713894
60.0,72.602196
60.0,59.685814
70.0,64.00528
70.0,70.57403
70.0,68.282295
60.0,70.310135
50.0,61.713894
70.0,55.40746
50.0,72.86462
60.0,49.05985
60.0,66.29563
50.0,59.947933
60.0,53.378765
60.0,64.26692
50.0,59.947933
40.0,53.378765
50.0,47.06958
50.0,55.927586
50.0,51.609463
50.0,53.639053
60.0,53.639053
60.0,62.237675
60.0,59.947933
60.0,61.976837
50.0,61.976837
60.0,53.378765
50.0,64.26692
60.0,51.349777
50.0,64.26692
60.0,51.349777
50.0,64.26692
50.0,51.349777
50.0,55.66841
50.0,53.639053
50.0,53.639053
60.0,53.639053
60.0,62.237675
50.0,59.947933
50.0,53.378765
50.0,55.66841
60.0,53.639053
60.0,62.237675
50.0,59.947933
90.0,53.378765
50.0,90.05551
40.0,44.478374
60.0,53.15639
340.0,64.52647
60.0,296.5008
70.0,-2.2013297
70.0,126.707634
70.0,68.282295
70.0,70.310135
80.0,70.310135
70.0,78.90492
90.0,68.01693
70.0,89.52401
80.0,65.722664
120.0,82.95735
400.0,110.96097
210.00000000000003,340.39468
60.0,122.328896
60.0,95.637634
60.0,92.290825
50.0,61.976837
60.0,53.378765
50.0,64.26692
30.0,51.349777
30.0,38.47094
30.0,41.01738
30.0,36.957256
60.0,36.957256
50.0,62.75331
60.0,47.2914
60.0,64.26692
60.0,59.947933
60.0,61.976837
70.0,61.976837
90.0,70.57403
90.0,85.47044
100.0,82.905975
109.99999999999999,95.54314
100.0,101.825325
109.99999999999999,92.96285
100.0,105.86691
170.0,92.96285
180.0,157.25688
109.99999999999999,147.50305
100.0,99.44836
109.99999999999999,109.08241
100.0,105.86691
109.99999999999999,92.96285
100.0,105.86691
109.99999999999999,92.96285
109.99999999999999,105.86691
140.0,101.54291
140.0,129.27565
150.0,122.33221
150.0,136.91835
150.0,134.59534
150.0,136.60097
150.0,136.60097
150.0,136.60097
160.0,136.60097
140.0,145.1416
140.0,125.73116
140.0,132.38017
140.0,128.36758
130.0,128.36758
140.0,119.81141
140.0,130.68547
140.0,126.35787
150.0,128.36758
140.0,136.91835
140.0,126.04718
150.0,130.37506
150.0,136.91835
150.0,134.59534
130.0,136.60097
160.0,119.50227
480.0,149.79033
260.0,406.13834
100.0,152.2203
109.99999999999999,133.33868
109.99999999999999,135.90665
120.0,101.54291
120.0,112.13804
109.99999999999999,109.829926
160.0,103.27424
109.99999999999999,148.40492
109.99999999999999,92.013954
120.0,113.63531
130.0,112.13804
120.0,118.39916
100.0,109.536156
90.0,96.71546
109.99999999999999,90.722786
80.0,106.14894
80.0,73.7702
80.0,84.71035
90.0,78.63715
80.0,87.22855
70.0,76.34134
60.0,72.06978
80.0,63.741467
60.0,81.19773
70.0,57.39393
60.0,74.6296
60.0,59.685814
70.0,64.00528
50.0,70.57403
70.0,51.088387
50.0,74.89303
60.0,49.05985
60.0,66.29563
50.0,59.947933
60.0,53.378765
60.0,64.26692
50.0,59.947933
60.0,53.378765
50.0,64.26692
50.0,51.349777
50.0,55.66841
50.0,53.639053
50.0,53.639053
50.0,53.639053
50.0,53.639053
70.0,53.639053
50.0,70.83548
60.0,49.05985
50.0,66.29563
50.0,51.349777
60.0,55.66841
60.0,62.237675
60.0,59.947933
40.0,61.976837
50.0,44.780315
50.0,57.957222
50.0,51.609463
50.0,53.639053
50.0,53.639053
50.0,53.639053
60.0,53.639053
60.0,62.237675
50.0,59.947933
50.0,53.378765
60.0,55.66841
60.0,62.237675
80.0,59.947933
50.0,79.16984
50.0,48.79735
50.0,59.725925
40.0,53.639053
30.0,45.040134
50.0,38.72961
50.0,56.185085
50.0,49.57974
80.0,53.639053
70.0,79.43197
70.0,63.961582
90.0,72.33727
50.0,87.49776
60.0,48.533062
60.0,70.35098
60.0,59.947933
70.0,61.976837
109.99999999999999,70.57403
60.0,102.648796
109.99999999999999,52.53985
70.0,115.06284
80.0,59.10567
100.0,87.00537
109.99999999999999,93.791916
70.0,99.80232
90.0,67.205345
80.0,95.59532
90.0,74.31535
50.0,89.2534
100.0,50.56017
70.0,104.72589
120.0,59.374413
80.0,119.32877
50.0,67.42247
60.0,60.95828
50.0,68.32368
50.0,51.349777
50.0,55.66841
50.0,53.639053
40.0,53.639053
60.0,45.040134
60.0,64.52647
60.0,57.918667
50.0,61.976837
60.0,53.378765
70.0,64.26692
50.0,68.545204
70.0,51.088387
80.0,74.89303
70.0,74.849014
90.0,68.01693
70.0,89.52401
80.0,65.722664
80.0,82.95735
80.0,76.61077
80.0,78.63715
70.0,78.63715
90.0,70.04372
80.0,89.52401
90.0,74.31535
70.0,89.2534
80.0,67.74902
80.0,82.95735
80.0,76.61077
90.0,78.63715
420.00000000000006,87.22855
240.0,364.03864
270.0,136.63132
190.0,268.8685
180.0,160.27191
70.0,176.59729
80.0,69.238014
120.0,101.1258
190.0,110.96097
160.0,163.65268
90.0,129.79648
100.0,90.98206
170.0,109.66757
310.0,153.22586
120.0,257.50073
120.0,77.65459
120.0,149.69693
120.0,111.84669
120.0,111.84669
130.0,111.84669
109.99999999999999,120.414825
120.0,100.965775
109.99999999999999,116.170265
109.99999999999999,101.25642
240.0,105.58079
439.99999999999994,214.57158
160.0,349.96033
80.0,94.430626
109.99999999999999,131.88857
70.0,120.54201
70.0,63.156563
50.0,78.413414
50.0,53.116703
60.0,57.697403
40.0,62.237675
50.0,42.751266
50.0,57.957222
60.0,51.609463
50.0,62.237675
60.0,51.349777
50.0,64.26692
60.0,51.349777
50.0,64.26692
60.0,51.349777
50.0,64.26692
50.0,51.349777
50.0,55.66841
50.0,53.639053
50.0,53.639053
50.0,53.639053
60.0,53.639053
50.0,62.237675
60.0,51.349777
60.0,64.26692
60.0,59.947933
50.0,61.976837
50.0,53.378765
60.0,55.66841
50.0,62.237675
50.0,51.349777
40.0,55.66841
50.0,45.040134
50.0,55.927586
60.0,51.609463
50.0,62.237675
60.0,51.349777
50.0,64.26692
60.0,51.349777
50.0,64.26692
60.0,51.349777
60.0,64.26692
50.0,59.947933
50.0,53.378765
50.0,55.66841
50.0,53.639053
50.0,53.639053
50.0,53.639053
60.0,53.639053
50.0,62.237675
60.0,51.349777
50.0,64.26692
60.0,51.349777
60.0,64.26692
60.0,59.947933
70.0,61.976837
100.0,70.57403
40.0,94.0611
50.0,37.64563
50.0,66.07033
80.0,51.609463
50.0,79.43197
180.0,46.769344
90.0,171.28737
70.0,58.148266
130.0,87.95735
360.0,125.88628
160.0,302.8042
90.0,91.81179
90.0,124.76661
109.99999999999999,101.08969
130.0,104.12708
100.0,116.67162
109.99999999999999,90.37306
90.0,109.9019
80.0,84.37957
460.0,82.41372
820.0000000000001,401.23264
350.0,574.8763
300.0,191.82579
260.0,334.56412
290.0,233.01312
219.99999999999997,258.19937
170.0,184.68428
90.0,164.98584
80.0,94.6827
80.0,94.52343
100.0,80.66261
600.0,95.81743
510.0,506.71204
280.0,309.30896
250.0,242.80917
260.0,259.1186
250.0,231.73409
180.0,215.14162
109.99999999999999,160.49171
80.0,115.43261
70.0,91.937515
80.0,76.11923
70.0,80.931625
80.0,68.01693
70.0,80.931625
80.0,68.01693
70.0,80.931625
70.0,68.01693
70.0,72.33727
60.0,70.310135
60.0,61.713894
60.0,64.00528
60.0,61.976837
60.0,61.976837
50.0,61.976837
70.0,53.378765
70.0,72.86462
130.0,66.25389
390.0,121.839455
420.00000000000006,327.72354
710.0,299.72272
850.0000000000001,563.2989
470.0,579.1853
360.0,314.83923
620.0,356.43936
600.0,525.9956
520.0,419.54678
290.0,408.6162
250.0,248.25961
190.0,258.51788
120.0,174.8069
100.0,121.63513
320.0,108.783585
270.0,286.45062
290.0,187.87622
270.0,259.57074
260.0,228.49777
310.0,228.83798
250.0,269.1058
130.0,205.0039
120.0,127.9642
100.0,135.55122
90.0,96.71546
100.0,90.722786
80.0,97.56578
90.0,76.06895
90.0,91.27706
100.0,84.93154
80.0,95.54314
60.0,76.06895
80.0,65.50139
60.0,83.22466
80.0,57.39393
70.0,83.22466
80.0,65.98951
70.0,80.931625
70.0,68.01693
60.0,72.33727
70.0,61.713894
60.0,72.602196
70.0,59.685814
60.0,72.602196
70.0,59.685814
70.0,72.602196
60.0,68.282295
60.0,61.713894
70.0,64.00528
50.0,70.57403
60.0,51.088387
60.0,66.29563
60.0,59.947933
60.0,61.976837
60.0,61.976837
50.0,61.976837
60.0,53.378765
60.0,64.26692
60.0,59.947933
40.0,61.976837
60.0,44.780315
40.0,66.55597
60.0,40.72221
50.0,66.55597
50.0,49.320618
60.0,55.66841
60.0,62.237675
60.0,59.947933
60.0,61.976837
50.0,61.976837
60.0,53.378765
60.0,64.26692
60.0,59.947933
60.0,61.976837
50.0,61.976837
60.0,53.378765
60.0,64.26692
60.0,59.947933
60.0,61.976837
60.0,61.976837
60.0,61.976837
50.0,61.976837
60.0,53.378765
50.0,64.26692
109.99999999999999,51.349777
70.0,107.2371
50.0,57.079723
50.0,61.22553
50.0,57.697403
50.0,53.639053
60.0,53.639053
60.0,62.237675
190.0,59.947933
130.0,173.48886
180.0,92.09524
360.0,174.83444
100.0,302.81116
70.0,50.99248
80.0,121.526215
80.0,84.98196
90.0,76.61077
90.0,87.22855
60.0,84.93154
70.0,61.18139
50.0,76.65613
580.0,51.088387
660.0,500.97623
300.0,418.47876
260.0,216.57405
290.0,288.70795
240.0,258.19937
240.0,201.47089
180.0,219.28766
190.0,158.92651
70.0,181.54012
400.0,64.91583
620.0,373.85834
330.0,442.6463
250.0,218.58144
260.0,266.5512
240.0,241.30048
230.0,206.7455
219.99999999999997,205.06816
90.0,195.11865
70.0,85.08705
370.0,95.99678
280.0,329.31317
240.0,178.0949
250.0,224.96606
219.99999999999997,225.75238
230.0,190.35457
190.0,207.88522
160.0,165.81998
80.0,151.73495
60.0,82.420166
60.0,77.63684
60.0,66.033134
60.0,61.976837
70.0,61.976837
80.0,70.57403
80.0,76.87734
70.0,76.61077
100.0,70.04372
100.0,98.11392
90.0,89.19457
100.0,86.680305
219.99999999999997,97.56578
180.0,195.88187
120.0,135.78793
109.99999999999999,117.99323
90.0,115.34324
100.0,88.42143
90.0,99.58697
270.0,84.65723
420.00000000000006,242.65237
429.99999999999994,322.21075
